-- MySQL dump 10.13  Distrib 5.7.29, for osx10.14 (x86_64)
--
-- Host: localhost    Database: adidas
-- ------------------------------------------------------
-- Server version	5.7.29

/*!40101 SET @OLD_CHARACTER_SET_CLIENT=@@CHARACTER_SET_CLIENT */;
/*!40101 SET @OLD_CHARACTER_SET_RESULTS=@@CHARACTER_SET_RESULTS */;
/*!40101 SET @OLD_COLLATION_CONNECTION=@@COLLATION_CONNECTION */;
/*!40101 SET NAMES utf8 */;
/*!40103 SET @OLD_TIME_ZONE=@@TIME_ZONE */;
/*!40103 SET TIME_ZONE='+00:00' */;
/*!40014 SET @OLD_UNIQUE_CHECKS=@@UNIQUE_CHECKS, UNIQUE_CHECKS=0 */;
/*!40014 SET @OLD_FOREIGN_KEY_CHECKS=@@FOREIGN_KEY_CHECKS, FOREIGN_KEY_CHECKS=0 */;
/*!40101 SET @OLD_SQL_MODE=@@SQL_MODE, SQL_MODE='NO_AUTO_VALUE_ON_ZERO' */;
/*!40111 SET @OLD_SQL_NOTES=@@SQL_NOTES, SQL_NOTES=0 */;

--
-- Current Database: `adidas`
--

CREATE DATABASE /*!32312 IF NOT EXISTS*/ `adidas` /*!40100 DEFAULT CHARACTER SET utf8 */;

USE `adidas`;

--
-- Table structure for table `completeTheLook`
--

DROP TABLE IF EXISTS `completeTheLook`;
/*!40101 SET @saved_cs_client     = @@character_set_client */;
/*!40101 SET character_set_client = utf8 */;
CREATE TABLE `completeTheLook` (
  `fromProductId` varchar(20) NOT NULL,
  `toProductId` varchar(20) NOT NULL
) ENGINE=InnoDB DEFAULT CHARSET=utf8;
/*!40101 SET character_set_client = @saved_cs_client */;

--
-- Dumping data for table `completeTheLook`
--

LOCK TABLES `completeTheLook` WRITE;
/*!40000 ALTER TABLE `completeTheLook` DISABLE KEYS */;
INSERT INTO `completeTheLook` VALUES ('EG4958','CW1275'),('EG4958','DT7964'),('EG4958','CW0709'),('CW1275','FY0729'),('CW1275','GJ7769'),('CW1275','GJ7768'),('CW1275','FM1319'),('DT7964','FY0729'),('DT7964','GJ7769'),('DT7964','FM9886'),('DT7964','FM1319'),('CW0709','GL6156'),('CW0709','GL6150'),('CW0709','FU8298'),('CW0709','BH6423'),('M20324','GK4878'),('M20324','GJ7774'),('M20324','FM0675'),('FW4904','DU0447'),('FW4904','FM6256'),('FW4904','FL3603'),('FW4904','CM5613'),('FW4898','DU0447'),('FW4898','FM6256'),('FW4898','FL3603'),('FW4898','CM5613'),('F36423','DU0447'),('F36423','FM6256'),('F36423','FL3603'),('F36423','CM5613'),('FP7541','FM6258'),('FP7541','EE4581'),('FP7541','FK0950'),('BH9578','FH7948'),('BH9578','DX6657'),('BH9578','EF9908'),('BH6436','GL6156'),('BH6436','GL6147'),('BH6436','GL6150'),('BH6436','FU8298'),('BH6435','GH9489'),('BH6435','FM3877'),('BH6435','CG7153'),('EC3691','FM6258'),('EC3691','EE4581'),('EC3691','FK0950'),('CJ0445','DQ3070'),('CJ0445','DQ3561'),('CJ0445','FM6283'),('CJ0445','EG5142'),('BH6437','FY0728'),('BH6437','GK4878'),('BH6437','GJ7774'),('ED9609','DX6657'),('ED9609','EF9908'),('ED9609','CK8484'),('G28714','FM1638'),('G28714','FI6722'),('G28714','EB3827'),('G28714','CK0643'),('G28723','FM1638'),('G28723','FI6722'),('G28723','EB3827'),('G28723','CK0643'),('B42200','GJ7769'),('B42200','GJ7768'),('B42200','FM9886'),('B42200','FM1319'),('D96635','GK4879'),('D96635','FM1356'),('D96635','GL6151');
/*!40000 ALTER TABLE `completeTheLook` ENABLE KEYS */;
UNLOCK TABLES;

--
-- Table structure for table `feedbacks`
--

DROP TABLE IF EXISTS `feedbacks`;
/*!40101 SET @saved_cs_client     = @@character_set_client */;
/*!40101 SET character_set_client = utf8 */;
CREATE TABLE `feedbacks` (
  `id` int(11) NOT NULL AUTO_INCREMENT,
  `sessionId` varchar(50) DEFAULT NULL,
  `score` int(11) DEFAULT NULL,
  `comment` varchar(200) DEFAULT NULL,
  `age` int(11) DEFAULT NULL,
  `gender` varchar(10) DEFAULT NULL,
  `name` varchar(20) DEFAULT NULL,
  `availibility` int(11) DEFAULT NULL,
  `timezone` int(11) DEFAULT NULL,
  `phoneno` varchar(20) DEFAULT NULL,
  PRIMARY KEY (`id`)
) ENGINE=InnoDB DEFAULT CHARSET=utf8;
/*!40101 SET character_set_client = @saved_cs_client */;

--
-- Dumping data for table `feedbacks`
--

LOCK TABLES `feedbacks` WRITE;
/*!40000 ALTER TABLE `feedbacks` DISABLE KEYS */;
/*!40000 ALTER TABLE `feedbacks` ENABLE KEYS */;
UNLOCK TABLES;

--
-- Table structure for table `inventories`
--

DROP TABLE IF EXISTS `inventories`;
/*!40101 SET @saved_cs_client     = @@character_set_client */;
/*!40101 SET character_set_client = utf8 */;
CREATE TABLE `inventories` (
  `productId` varchar(20) DEFAULT NULL,
  `size` varchar(5) DEFAULT NULL,
  `inventory` int(11) DEFAULT NULL
) ENGINE=InnoDB DEFAULT CHARSET=utf8;
/*!40101 SET character_set_client = @saved_cs_client */;

--
-- Dumping data for table `inventories`
--

LOCK TABLES `inventories` WRITE;
/*!40000 ALTER TABLE `inventories` DISABLE KEYS */;
/*!40000 ALTER TABLE `inventories` ENABLE KEYS */;
UNLOCK TABLES;

--
-- Table structure for table `likes`
--

DROP TABLE IF EXISTS `likes`;
/*!40101 SET @saved_cs_client     = @@character_set_client */;
/*!40101 SET character_set_client = utf8 */;
CREATE TABLE `likes` (
  `sessionId` varchar(50) DEFAULT NULL,
  `productId` varchar(20) DEFAULT NULL,
  `disabled` tinyint(1) DEFAULT NULL
) ENGINE=InnoDB DEFAULT CHARSET=utf8;
/*!40101 SET character_set_client = @saved_cs_client */;

--
-- Dumping data for table `likes`
--

LOCK TABLES `likes` WRITE;
/*!40000 ALTER TABLE `likes` DISABLE KEYS */;
/*!40000 ALTER TABLE `likes` ENABLE KEYS */;
UNLOCK TABLES;

--
-- Table structure for table `products`
--

DROP TABLE IF EXISTS `products`;
/*!40101 SET @saved_cs_client     = @@character_set_client */;
/*!40101 SET character_set_client = utf8 */;
CREATE TABLE `products` (
  `id` varchar(20) NOT NULL,
  `name` varchar(50) NOT NULL,
  `price` varchar(50) DEFAULT NULL,
  `picture` varchar(200) DEFAULT NULL,
  `highlights` varchar(3000) DEFAULT NULL,
  `description` varchar(3000) DEFAULT NULL,
  `spec` varchar(3000) DEFAULT NULL,
  `story` varchar(3000) DEFAULT NULL
) ENGINE=InnoDB DEFAULT CHARSET=utf8;
/*!40101 SET character_set_client = @saved_cs_client */;

--
-- Dumping data for table `products`
--

LOCK TABLES `products` WRITE;
/*!40000 ALTER TABLE `products` DISABLE KEYS */;
INSERT INTO `products` VALUES ('EG4958','SUPERSTAR SHOES','$80','https://assets.adidas.com/images/w_600,f_auto,q_auto:sensitive,fl_lossy/7ed0855435194229a525aad6009a0497_9366/Superstar_Shoes_White_EG4958_01_standard.jpg','<div class=\"row first_row___UGuiD\"><div class=\"col-l-7 col-xl-7 col-hg-7 no-gutters item_content___3gYcw\"><img data-auto-id=\"image\" src=\"https://assets.adidas.com/images/w_600,f_auto,q_auto/f2bb53da39114487a9fbab1400f8cfac_9366/Superstar_Shoes_White_EG4958.jpg\" class=\"img_with_fallback___2aHBu gl-vspace tab_image___uOcF7\" alt=\"\"><div class=\"item_content_text gl-vspace\"><h5 class=\"gl-vspace-bpall-small\">Iconic design</h5><div class=\"tab_copy gl-vspace\"><p>For over 50 years, the adidas Superstar sneaker has been the go-to of sport and street legends, connecting creators across cultures.</p></div></div></div><div class=\"col-l-7 col-xl-7 col-hg-7 no-gutters item_content___3gYcw\"><img data-auto-id=\"image\" src=\"https://assets.adidas.com/images/w_600,f_auto,q_auto/79ab65b6b5c241b8ab3eab1400f8d49b_9366/Superstar_Shoes_White_EG4958.jpg\" class=\"img_with_fallback___2aHBu gl-vspace tab_image___uOcF7\" alt=\"\"><div class=\"item_content_text gl-vspace\"><h5 class=\"gl-vspace-bpall-small\">Distinctive details</h5><div class=\"tab_copy gl-vspace\"><p>The instantly recognizable shell toe is complemented by three serrated stripes and adidas Originals accents.</p></div></div></div><div class=\"col-l-7 col-xl-7 col-hg-7 no-gutters item_content___3gYcw\"><img data-auto-id=\"image\" src=\"https://assets.adidas.com/images/w_600,f_auto,q_auto/22a4b7471afd415581d0ab1400f8d91e_9366/Superstar_Shoes_White_EG4958.jpg\" class=\"img_with_fallback___2aHBu gl-vspace tab_image___uOcF7\" alt=\"\"><div class=\"item_content_text gl-vspace\"><h5 class=\"gl-vspace-bpall-small\">Quality materials</h5><div class=\"tab_copy gl-vspace\"><p>Always in style, this classic silhouette features full-grain leather for enhanced durability and comfort.</p></div></div></div></div>','<div class=\"wrapper___1HYKp offset-l-1 col-l-11 offset-xl-2 col-xl-10 offset-hg-3 col-hg-9\"><h4>Superstar Shoes</h4><h5>The authentic low top with the shell toe.</h5><p>Originally made for basketball courts in the \'70s. Celebrated by hip hop royalty in the \'80s. The adidas Superstar shoe is now a lifestyle staple for streetwear enthusiasts. The world-famous shell toe feature remains, providing style and protection. Just like it did on the B-ball courts back in the day.&nbsp;\n&nbsp;\nNow, whether at a festival or walking in the street you can enjoy yourself without the fear of being stepped on.\n\nThe serrated 3-Stripes detail and adidas Superstar box logo adds OG authenticity to your look.</p></div><div class=\"product_media___240a0 offset-l-1 col-l-10 col-xl-9 col-hg-8\"><img src=\"https://assets.adidas.com/images/w_600,f_auto,q_auto/ff2e419f1eda4ebab23faad6009a3a9e_9366/Superstar_Shoes_White_EG4958.jpg\" class=\"description_img___3nrC6\" alt=\"Superstar Shoes\"></div>','<div class=\"bullet_list___1JjG2 offset-l-1 col-l-22 offset-xl-2 col-xl-20 offset-hg-3 col-hg-18\"><div class=\"bullet_list_wrapper___2O_YU\"><ul class=\"bullet_list___1JjG2 gl-list bullet_list--half-width___35Abt\"><li class=\"gl-vspace\">Lace closure</li><li class=\"gl-vspace\">Leather upper</li><li class=\"gl-vspace\">Iconic leather shoes</li><li class=\"gl-vspace\">Rubber outsole</li></ul><ul class=\"bullet_list___1JjG2 gl-list bullet_list--half-width___35Abt\"><li class=\"gl-vspace\">Imported</li><li class=\"gl-vspace\">Product color: Cloud White / Core Black / Cloud White</li><li class=\"gl-vspace\">Product code: EG4958</li></ul></div></div>','<section class=\"row main___11qKY color-theme-black___3q1S9 text-justify-center\"><div class=\"content___ajFWk col-m-8 col-l-14 offset-m-2 offset-l-5 fadeIn___htMRM fadeInActive___3RH7W\"><div class=\"summary___1BV7e withhtml___2vPJM gl-fetched-content\">Shop all Superstar models and colors</div><div class=\"ctas___2Ee38 fadeIn___htMRM\"><div class=\"content_item\"><div class=\"cta___kv0Tv\"><a href=\"/us/superstar\" class=\"gl-cta gl-cta--tertiary\" title=\"SHOP ALL SUPERSTAR\" manual_cm_sp=\"SLOT-3-_-?_?_?_?_?-_-CTA-SHOP-ALL-SUPERSTAR-_-474531\"><span class=\"gl-cta__text\">SHOP ALL SUPERSTAR</span></a></div></div></div></div></section>'),('CW1275','SST TRACK PANTS','$65','https://assets.adidas.com/images/w_600,f_auto,q_auto:sensitive,fl_lossy/6ecf6ba2f2694c388b5ba83a00d14b09_9366/SST_Track_Pants_Black_CW1275_21_model.jpg','<div class=\"row first_row___UGuiD\"><div class=\"col-l-7 col-xl-7 col-hg-7 no-gutters item_content___3gYcw\"><div class=\"item_content_text gl-vspace\"><h5 class=\"gl-vspace-bpall-small\">True to the archives</h5><div class=\"tab_copy gl-vspace\"><p>Fits slim and tapered in the leg.</p></div></div></div><div class=\"col-l-7 col-xl-7 col-hg-7 no-gutters item_content___3gYcw\"><div class=\"item_content_text gl-vspace\"><h5 class=\"gl-vspace-bpall-small\">The Adicolor collection</h5><div class=\"tab_copy gl-vspace\"><p>Inspired by adidas heritage, Adicolor is authentic but modern.</p></div></div></div><div class=\"col-l-7 col-xl-7 col-hg-7 no-gutters item_content___3gYcw\"><div class=\"item_content_text gl-vspace\"><h5 class=\"gl-vspace-bpall-small\">Authentic to the touch</h5><div class=\"tab_copy gl-vspace\"><p>Polyester sport fabric is smooth inside and out and just slightly stretchy.</p></div></div></div></div>','<div class=\"wrapper___1HYKp offset-l-1 col-l-11 offset-xl-2 col-xl-10 offset-hg-3 col-hg-9\"><h4>SST Track Pants</h4><h5>Track pants inspired by adidas\' rich history.</h5><p>See these track pants? They\'re a piece of adidas history. The SST track suit was designed in 1979 for tennis training. It quickly became a legendary look in the street style world. These track pants stay true to the design of the first track suits with a slim fit and tapered legs. Wear it with tees or go matchy-matchy with a 3-Stripes track jacket on top.</p></div><div class=\"product_media___240a0 offset-l-1 col-l-10 col-xl-9 col-hg-8\"><img src=\"https://assets.adidas.com/images/w_600,f_auto,q_auto/989c893aaf9749fd8f40a83a00d18247_9366/SST_Track_Pants_Black_CW1275.jpg\" class=\"description_img___3nrC6\" alt=\"SST Track Pants\"></div>','<div class=\"bullet_list___1JjG2 offset-l-1 col-l-22 offset-xl-2 col-xl-20 offset-hg-3 col-hg-18\"><div class=\"bullet_list_wrapper___2O_YU\"><ul class=\"bullet_list___1JjG2 gl-list bullet_list--half-width___35Abt\"><li class=\"gl-vspace\">Slim fit</li><li class=\"gl-vspace\">Tapered legs</li><li class=\"gl-vspace\">70% recycled polyester, 30% cotton interlock</li><li class=\"gl-vspace\">Smooth fabric</li><li class=\"gl-vspace\">Tapered track pants</li><li class=\"gl-vspace\">Side zip pockets</li></ul><ul class=\"bullet_list___1JjG2 gl-list bullet_list--half-width___35Abt\"><li class=\"gl-vspace\">These pants are made with recycled polyester to save resources and decrease emissions; We partner with the Better Cotton Initiative to improve cotton farming globally</li><li class=\"gl-vspace\">Drawcord on elastic waist</li><li class=\"gl-vspace\">Ribbed cuffs</li><li class=\"gl-vspace\">Imported</li><li class=\"gl-vspace\">Product color: Black</li><li class=\"gl-vspace\">Product code: CW1275</li></ul></div></div>',''),('DT7964','TREFOIL HOODIE','$65','https://assets.adidas.com/images/w_600,f_auto,q_auto:sensitive,fl_lossy/14ef3b97b7e8489e90d5a873013bf126_9366/Trefoil_Hoodie_Black_DT7964_21_model.jpg','','<div class=\"wrapper___1HYKp offset-l-1 col-l-11 offset-xl-2 col-xl-10 offset-hg-3 col-hg-9\"><h4>Trefoil Hoodie</h4><h5>A cozy hoodie that shows off adidas pride.</h5><p>The Trefoil has been standing out since its 1972 debut. This hoodie celebrates its iconic style with a Trefoil logo front and center. A kangaroo pouch pocket keeps your everyday belongings close. The pullover sweatshirt is made of cotton French terry for a cozy feel.</p></div><div class=\"product_media___240a0 offset-l-1 col-l-10 col-xl-9 col-hg-8\"><img src=\"https://assets.adidas.com/images/w_600,f_auto,q_auto/f9fbca64c9b3471289eaa873013c127c_9366/Trefoil_Hoodie_Black_DT7964.jpg\" class=\"description_img___3nrC6\" alt=\"Trefoil Hoodie\"></div>','<div class=\"bullet_list___1JjG2 offset-l-1 col-l-22 offset-xl-2 col-xl-20 offset-hg-3 col-hg-18\"><div class=\"bullet_list_wrapper___2O_YU\"><ul class=\"bullet_list___1JjG2 gl-list bullet_list--half-width___35Abt\"><li class=\"gl-vspace\">Regular fit is not tight and not loose, the perfect in-between fit</li><li class=\"gl-vspace\">Long sleeves with ribbed cuffs</li><li class=\"gl-vspace\">100% cotton French terry</li><li class=\"gl-vspace\">We partner with the Better Cotton Initiative to improve cotton farming globally</li><li class=\"gl-vspace\">Soft feel</li></ul><ul class=\"bullet_list___1JjG2 gl-list bullet_list--half-width___35Abt\"><li class=\"gl-vspace\">Kangaroo pocket; Drawcord-adjustable hood</li><li class=\"gl-vspace\">Imported</li><li class=\"gl-vspace\">Product color: Black</li><li class=\"gl-vspace\">Product code: DT7964</li></ul></div></div>',''),('CW0709','TREFOIL TEE','$30','https://assets.adidas.com/images/w_600,f_auto,q_auto:sensitive,fl_lossy/d210aea304c048e596cea80b00d5793b_9366/Trefoil_Tee_Black_CW0709_21_model.jpg','<div class=\"row first_row___UGuiD\"><div class=\"col-l-7 col-xl-7 col-hg-7 no-gutters item_content___3gYcw\"><div class=\"item_content_text gl-vspace\"><h5 class=\"gl-vspace-bpall-small\">The Adicolor collection</h5><div class=\"tab_copy gl-vspace\"><p>Inspired by adidas heritage, Adicolor is authentic but modern</p></div></div></div><div class=\"col-l-7 col-xl-7 col-hg-7 no-gutters item_content___3gYcw\"><div class=\"item_content_text gl-vspace\"><h5 class=\"gl-vspace-bpall-small\">Cut for comfort</h5><div class=\"tab_copy gl-vspace\"><p>Regular fit for free and easy movement</p></div></div></div><div class=\"col-l-7 col-xl-7 col-hg-7 no-gutters item_content___3gYcw\"><div class=\"item_content_text gl-vspace\"><h5 class=\"gl-vspace-bpall-small\">Iconic details</h5><div class=\"tab_copy gl-vspace\"><p>Trefoil logo graphic shows off adidas pride</p></div></div></div></div>','<div class=\"wrapper___1HYKp offset-l-1 col-l-11 offset-xl-2 col-xl-10 offset-hg-3 col-hg-9\"><h4>Trefoil Tee</h4><h5>A soft tee with a bold Trefoil logo.</h5><p>The adidas Trefoil first appeared on the scene in 1972, and it continues to make its mark. This archive-inspired t-shirt celebrates the symbol\'s legacy. It\'s made of cotton jersey for a soft feel.</p></div><div class=\"product_media___240a0 offset-l-1 col-l-10 col-xl-9 col-hg-8\"><img src=\"https://assets.adidas.com/images/w_600,f_auto,q_auto/fb164a2fef4443f1be6fa80b00d598db_9366/Trefoil_Tee_Black_CW0709.jpg\" class=\"description_img___3nrC6\" alt=\"Trefoil Tee\"></div>','<div class=\"bullet_list___1JjG2 offset-l-1 col-l-22 offset-xl-2 col-xl-20 offset-hg-3 col-hg-18\"><div class=\"bullet_list_wrapper___2O_YU\"><ul class=\"bullet_list___1JjG2 gl-list bullet_list--half-width___35Abt\"><li class=\"gl-vspace\">Regular fit is not tight and not loose, the perfect in-between fit</li><li class=\"gl-vspace\">Ribbed crewneck</li><li class=\"gl-vspace\">Short sleeves</li><li class=\"gl-vspace\">100% cotton single jersey</li><li class=\"gl-vspace\">We partner with the Better Cotton Initiative to improve cotton farming globally</li></ul><ul class=\"bullet_list___1JjG2 gl-list bullet_list--half-width___35Abt\"><li class=\"gl-vspace\">Soft feel</li><li class=\"gl-vspace\">Imported</li><li class=\"gl-vspace\">Product color: Black</li><li class=\"gl-vspace\">Product code: CW0709</li></ul></div></div>',''),('M20324','STAN SMITH SHOES','$80','https://assets.adidas.com/images/w_600,f_auto,q_auto:sensitive,fl_lossy/69721f2e7c934d909168a80e00818569_9366/Stan_Smith_Shoes_White_M20324_01_standard.jpg','<div class=\"row first_row___UGuiD\"><div class=\"col-l-7 col-xl-7 col-hg-7 no-gutters item_content___3gYcw\"><img data-auto-id=\"image\" src=\"https://assets.adidas.com/images/w_600,f_auto,q_auto/ceeb2ffe34ad4d13ad12aaf10159f008_9366/Stan_Smith_Shoes_White_M20324.jpg\" class=\"img_with_fallback___2aHBu gl-vspace tab_image___uOcF7\" alt=\"\"><div class=\"item_content_text gl-vspace\"><h5 class=\"gl-vspace-bpall-small\">Timeless design</h5><div class=\"tab_copy gl-vspace\"><p>True to its original design, the Stan Smith\'s classic silhouette has endured sneaker style for over four decades.</p></div></div></div><div class=\"col-l-7 col-xl-7 col-hg-7 no-gutters item_content___3gYcw\"><img data-auto-id=\"image\" src=\"https://assets.adidas.com/images/w_600,f_auto,q_auto/38aab860a3094783a598aaf10159ec91_9366/Stan_Smith_Shoes_White_M20324.jpg\" class=\"img_with_fallback___2aHBu gl-vspace tab_image___uOcF7\" alt=\"\"><div class=\"item_content_text gl-vspace\"><h5 class=\"gl-vspace-bpall-small\">Versatile styling</h5><div class=\"tab_copy gl-vspace\"><p>This classic shoe embodies a universal style and minimalist design that doesn\'t need attention to do its job.</p></div></div></div><div class=\"col-l-7 col-xl-7 col-hg-7 no-gutters item_content___3gYcw\"><img data-auto-id=\"image\" src=\"https://assets.adidas.com/images/w_600,f_auto,q_auto/3cffdf6fa1484d739f79aaf10159ea14_9366/Stan_Smith_Shoes_White_M20324.jpg\" class=\"img_with_fallback___2aHBu gl-vspace tab_image___uOcF7\" alt=\"\"><div class=\"item_content_text gl-vspace\"><h5 class=\"gl-vspace-bpall-small\">Classic details</h5><div class=\"tab_copy gl-vspace\"><p>Stan Smith logos on the tongue and heel tab are paired with three perforated stripes.</p></div></div></div></div>','<div class=\"wrapper___1HYKp offset-l-1 col-l-11 offset-xl-2 col-xl-10 offset-hg-3 col-hg-9\"><h4>Stan Smith Shoes</h4><h5>An authentic version of the iconic 1971 tennis classic.</h5><p>Roll with the classic. Back in the day, Stan Smith won big on the tennis court. Slide into the adidas shoe worthy of his name and you\'ll win big on the streets. Top to bottom, these shoes capture the essential style of the 1971 original, with a minimalist leather build and clean trim.</p></div><div class=\"product_media___240a0 offset-l-1 col-l-10 col-xl-9 col-hg-8\"><img src=\"https://assets.adidas.com/images/w_600,f_auto,q_auto/eb638fce8b4f4678b40aa80e00818f3a_9366/Stan_Smith_Shoes_White_M20324.jpg\" class=\"description_img___3nrC6\" alt=\"Stan Smith Shoes\"></div>','<div class=\"bullet_list___1JjG2 offset-l-1 col-l-22 offset-xl-2 col-xl-20 offset-hg-3 col-hg-18\"><div class=\"bullet_list_wrapper___2O_YU\"><ul class=\"bullet_list___1JjG2 gl-list bullet_list--half-width___35Abt\"><li class=\"gl-vspace\">Regular fit</li><li class=\"gl-vspace\">Lace closure</li><li class=\"gl-vspace\">Leather upper</li><li class=\"gl-vspace\">Timeless tennis trainers</li><li class=\"gl-vspace\">Leather lining and OrthoLite® sockliner</li></ul><ul class=\"bullet_list___1JjG2 gl-list bullet_list--half-width___35Abt\"><li class=\"gl-vspace\">Rubber cupsole</li><li class=\"gl-vspace\">Imported</li><li class=\"gl-vspace\">Product color: Cloud White / Core White / Green</li><li class=\"gl-vspace\">Product code: M20324</li></ul></div></div>',''),('FW4904','ULTRABOOST DNA SHOES','$180','https://assets.adidas.com/images/w_600,f_auto,q_auto:sensitive,fl_lossy/e7e09b8821be46a38d56ab0a00fbba19_9366/Ultraboost_DNA_Shoes_White_FW4904_01_standard.jpg','','<div class=\"wrapper___1HYKp offset-l-1 col-l-11 offset-xl-2 col-xl-10 offset-hg-3 col-hg-9\"><h4>Ultraboost DNA Shoes</h4><h5>A fashion-friendly version of a high-performance runner.</h5><p>Coveted by sneakerheads since its release in 2015, the Ultraboost blends the worlds of performance running and fashion. These adidas Ultraboost DNA Shoes carry the legacy forward with a sleek, stylish silhouette and cutting-edge technologies for a shoe you can wear anywhere. A foot-hugging knit upper adapts to the changing shape of your foot as you run. Responsive cushioning keeps you feeling energized.</p></div><div class=\"product_media___240a0 offset-l-1 col-l-10 col-xl-9 col-hg-8\"><img src=\"https://assets.adidas.com/images/w_600,f_auto,q_auto/04d4b2dae43b4fe29929ab0a00fbe771_9366/Ultraboost_DNA_Shoes_White_FW4904.jpg\" class=\"description_img___3nrC6\" alt=\"Ultraboost DNA Shoes\"></div>','<div class=\"bullet_list___1JjG2 offset-l-1 col-l-22 offset-xl-2 col-xl-20 offset-hg-3 col-hg-18\"><div class=\"bullet_list_wrapper___2O_YU\"><ul class=\"bullet_list___1JjG2 gl-list bullet_list--half-width___35Abt\"><li class=\"gl-vspace\">Regular fit</li><li class=\"gl-vspace\">Lace closure</li><li class=\"gl-vspace\">adidas Primeknit upper</li><li class=\"gl-vspace\">Locked-in feel</li><li class=\"gl-vspace\">Adaptive, energized running shoes</li><li class=\"gl-vspace\">Responsive Boost midsole</li></ul><ul class=\"bullet_list___1JjG2 gl-list bullet_list--half-width___35Abt\"><li class=\"gl-vspace\">Weight: 11 ounces (size 9)</li><li class=\"gl-vspace\">Midsole drop: 10 mm (heel: 29 mm, forefoot: 19 mm)</li><li class=\"gl-vspace\">Stretchweb outsole with Continental™ Rubber</li><li class=\"gl-vspace\">Imported</li><li class=\"gl-vspace\">Product color: Cloud White / Cloud White / Grey One</li><li class=\"gl-vspace\">Product code: FW4904</li></ul></div></div>',''),('FW4898','ULTRABOOST DNA SHOES','$180','https://assets.adidas.com/images/w_600,f_auto,q_auto:sensitive,fl_lossy/6ddb177bad7742e8b33aaaf100f56c9f_9366/Ultraboost_DNA_Shoes_Grey_FW4898_01_standard.jpg','','<div class=\"wrapper___1HYKp offset-l-1 col-l-11 offset-xl-2 col-xl-10 offset-hg-3 col-hg-9\"><h4>Ultraboost DNA Shoes</h4><h5>A high-performance runner beloved by sneakerheads.</h5><p>Born as a technical running shoe in 2015, the Ultraboost has since gone on to become a modern icon and a fashion favorite. These adidas Ultraboost DNA Shoes combine a sleek, stylish silhouette with cutting-edge technologies for a shoe you can wear anywhere. A foot-hugging knit upper adapts to the changing shape of your foot as you run. Responsive cushioning keeps you feeling energized.</p></div><div class=\"product_media___240a0 offset-l-1 col-l-10 col-xl-9 col-hg-8\"><img src=\"https://assets.adidas.com/images/w_600,f_auto,q_auto/4d87f7e29cc44400a277aaf100f5a986_9366/Ultraboost_DNA_Shoes_Grey_FW4898.jpg\" class=\"description_img___3nrC6\" alt=\"Ultraboost DNA Shoes\"></div>','<div class=\"bullet_list___1JjG2 offset-l-1 col-l-22 offset-xl-2 col-xl-20 offset-hg-3 col-hg-18\"><div class=\"bullet_list_wrapper___2O_YU\"><ul class=\"bullet_list___1JjG2 gl-list bullet_list--half-width___35Abt\"><li class=\"gl-vspace\">Regular fit</li><li class=\"gl-vspace\">Lace closure</li><li class=\"gl-vspace\">adidas Primeknit upper</li><li class=\"gl-vspace\">Locked-in feel</li><li class=\"gl-vspace\">High-performance running shoes</li><li class=\"gl-vspace\">Responsive Boost midsole</li></ul><ul class=\"bullet_list___1JjG2 gl-list bullet_list--half-width___35Abt\"><li class=\"gl-vspace\">Weight: 11 ounces (size 9)</li><li class=\"gl-vspace\">Midsole drop: 10 mm (heel: 29 mm, forefoot: 19 mm)</li><li class=\"gl-vspace\">Stretchweb outsole with Continental™ Rubber</li><li class=\"gl-vspace\">Imported</li><li class=\"gl-vspace\">Product color: Grey / Silver Metallic / Grey Three</li><li class=\"gl-vspace\">Product code: FW4898</li></ul></div></div>',''),('F36423','ADVANTAGE SHOES','$65','https://assets.adidas.com/images/w_600,f_auto,q_auto:sensitive,fl_lossy/0e13b7f5bf8f447ab991a97c0125d15e_9366/Advantage_Shoes_White_F36423_01_standard.jpg','','<div class=\"wrapper___1HYKp offset-l-1 col-l-11 offset-xl-2 col-xl-10 offset-hg-3 col-hg-9\"><h4>Advantage Shoes</h4><h5>A court look revamped for the streets.</h5><p>Stripped-down sports style. Showing off a clean look, these tennis-inspired shoes have a smooth leather upper. Perforated 3-Stripes detail the sides. A cushioned sockliner brings comfort to every step.</p></div><div class=\"product_media___240a0 offset-l-1 col-l-10 col-xl-9 col-hg-8\"><img src=\"https://assets.adidas.com/images/w_600,f_auto,q_auto/0e1f05b3fbeb4d83bab7a97c0125ff8e_9366/Advantage_Shoes_White_F36423.jpg\" class=\"description_img___3nrC6\" alt=\"Advantage Shoes\"></div>','<div class=\"bullet_list___1JjG2 offset-l-1 col-l-22 offset-xl-2 col-xl-20 offset-hg-3 col-hg-18\"><div class=\"bullet_list_wrapper___2O_YU\"><ul class=\"bullet_list___1JjG2 gl-list bullet_list--half-width___35Abt\"><li class=\"gl-vspace\">Regular fit</li><li class=\"gl-vspace\">Lace closure</li><li class=\"gl-vspace\">Polyurethane-coated leather upper</li><li class=\"gl-vspace\">Rubber outsole</li></ul><ul class=\"bullet_list___1JjG2 gl-list bullet_list--half-width___35Abt\"><li class=\"gl-vspace\">Cloudfoam Comfort sockliner</li><li class=\"gl-vspace\">Imported</li><li class=\"gl-vspace\">Product color: Cloud White / Cloud White / Dark Blue</li><li class=\"gl-vspace\">Product code: F36423</li></ul></div></div>',''),('FP7541','RUN IT 3-STRIPES PB SHORTS','$35','https://assets.adidas.com/images/w_600,f_auto,q_auto:sensitive,fl_lossy/27fdfaca0ec347ab9eeaaafb005c49e3_9366/Run_It_3_Stripes_PB_Shorts_Black_FP7541_21_model.jpg','<div class=\"row first_row___UGuiD\"><div class=\"col-l-7 col-xl-7 col-hg-7 no-gutters item_content___3gYcw\"><img data-auto-id=\"image\" src=\"https://assets.adidas.com/images/w_600,f_auto,q_auto/c8790e41f2d245e180c7aafc011c24d7_9366/Run_It_3_Stripes_PB_Shorts_Black_FP7541.jpg\" class=\"img_with_fallback___2aHBu gl-vspace tab_image___uOcF7\" alt=\"\"><div class=\"item_content_text gl-vspace\"><h5 class=\"gl-vspace-bpall-small\">Recycled materials</h5><div class=\"tab_copy gl-vspace\"><p>100% recycled polyester helps save resources.</p></div></div></div><div class=\"col-l-7 col-xl-7 col-hg-7 no-gutters item_content___3gYcw\"><img data-auto-id=\"image\" src=\"https://assets.adidas.com/images/w_600,f_auto,q_auto/0ce3d7d86f364f30b7d8aafc011e9c27_9366/Run_It_3_Stripes_PB_Shorts_Black_FP7541.jpg\" class=\"img_with_fallback___2aHBu gl-vspace tab_image___uOcF7\" alt=\"\"><div class=\"item_content_text gl-vspace\"><h5 class=\"gl-vspace-bpall-small\">Run at dawn, run at dusk</h5><div class=\"tab_copy gl-vspace\"><p>All-around reflectivity shines in low light conditions.</p></div></div></div><div class=\"col-l-7 col-xl-7 col-hg-7 no-gutters item_content___3gYcw\"><img data-auto-id=\"image\" src=\"https://assets.adidas.com/images/w_600,f_auto,q_auto/ba8c14abd51740babf91aafc01270a5f_9366/Run_It_3_Stripes_PB_Shorts_Black_FP7541.jpg\" class=\"img_with_fallback___2aHBu gl-vspace tab_image___uOcF7\" alt=\"\"><div class=\"item_content_text gl-vspace\"><h5 class=\"gl-vspace-bpall-small\">Manages moisture</h5><div class=\"tab_copy gl-vspace\"><p>AEROREADY keeps you feeling dry so you can focus on your run.</p></div></div></div></div>','<div class=\"wrapper___1HYKp offset-l-1 col-l-11 offset-xl-2 col-xl-10 offset-hg-3 col-hg-9\"><h4>Run It 3-Stripes PB Shorts</h4><h5>Lightweight shorts for warm-weather running.</h5><p>Every training run is a building block. Every day you lace up your shoes and take off running is another step toward your goal. Take it with confidence in these adidas running shorts. Lightweight fabric keeps you feeling dry and ready for the challenge. Inner briefs mean breathable coverage and support. There\'s a PR waiting on the other side of the tape. You just have to run for it.</p></div><div class=\"product_media___240a0 offset-l-1 col-l-10 col-xl-9 col-hg-8\"><img src=\"https://assets.adidas.com/images/w_600,f_auto,q_auto/efe21c99444e4c489bc6aafb0061a52b_9366/Run_It_3_Stripes_PB_Shorts_Black_FP7541.jpg\" class=\"description_img___3nrC6\" alt=\"Run It 3-Stripes PB Shorts\"></div>','<div class=\"bullet_list___1JjG2 offset-l-1 col-l-22 offset-xl-2 col-xl-20 offset-hg-3 col-hg-18\"><div class=\"bullet_list_wrapper___2O_YU\"><ul class=\"bullet_list___1JjG2 gl-list bullet_list--half-width___35Abt\"><li class=\"gl-vspace\">Regular fit</li><li class=\"gl-vspace\">Elastic waist with drawcord</li><li class=\"gl-vspace\">100% recycled polyester plain weave</li><li class=\"gl-vspace\">Moisture-absorbing AEROREADY</li><li class=\"gl-vspace\">Running shorts with inner briefs</li><li class=\"gl-vspace\">Front pockets</li><li class=\"gl-vspace\">These shorts are made with recycled polyester to save resources and decrease emissions</li></ul><ul class=\"bullet_list___1JjG2 gl-list bullet_list--half-width___35Abt\"><li class=\"gl-vspace\">Key pocket</li><li class=\"gl-vspace\">Inner briefs</li><li class=\"gl-vspace\">360 degrees of reflectivity</li><li class=\"gl-vspace\">Imported</li><li class=\"gl-vspace\">Product color: Black</li><li class=\"gl-vspace\">Product code: FP7541</li></ul></div></div>',''),('AQ1705','ADILETTE CLOUDFOAM SLIDES','$25','https://assets.adidas.com/images/w_600,f_auto,q_auto:sensitive,fl_lossy/79f524fc880644aaa3c6a80900ec9855_9366/Adilette_Cloudfoam_Slides_Red_AQ1705_01_standard.jpg','','<div class=\"wrapper___1HYKp offset-l-1 col-l-11 offset-xl-2 col-xl-10 offset-hg-3 col-hg-9\"><h4>Adilette Cloudfoam Slides</h4><p>Slip on and go. These men\'s slides mix 3-Stripes style with a comfortable Cloudfoam unitsole, which combines the midsole with the outsole for superior cushioning. Finished with a bold adidas logo on the side.</p></div><div class=\"product_media___240a0 offset-l-1 col-l-10 col-xl-9 col-hg-8\"><img src=\"https://assets.adidas.com/images/w_600,f_auto,q_auto/473fab482648428fb978a80900ecc0aa_9366/Adilette_Cloudfoam_Slides_Red_AQ1705.jpg\" class=\"description_img___3nrC6\" alt=\"Adilette Cloudfoam Slides\"></div>','<div class=\"bullet_list___1JjG2 offset-l-1 col-l-22 offset-xl-2 col-xl-20 offset-hg-3 col-hg-18\"><div class=\"bullet_list_wrapper___2O_YU\"><ul class=\"bullet_list___1JjG2 gl-list bullet_list--half-width___35Abt\"><li class=\"gl-vspace\">Synthetic single-bandage upper</li><li class=\"gl-vspace\">Contrast 3-Stripes</li><li class=\"gl-vspace\">Soft Cloudfoam footbed for quick-dry comfort</li><li class=\"gl-vspace\">Synthetic upper / Textile lining / Synthetic outsole</li></ul><ul class=\"bullet_list___1JjG2 gl-list bullet_list--half-width___35Abt\"><li class=\"gl-vspace\">Imported</li><li class=\"gl-vspace\">Product color: Scarlet / Cloud White / Scarlet</li><li class=\"gl-vspace\">Product code: AQ1705</li></ul></div></div>',''),('BH9578','NO-SHOW ATHLETIC SOCKS 6 PAIRS','$20','https://assets.adidas.com/images/w_600,f_auto,q_auto:sensitive,fl_lossy/52052736a9894fd8a968a831002d9dd0_9366/No_Show_Athletic_Socks_6_Pairs_Grey_BH9578_03_standard.jpg','','<div class=\"wrapper___1HYKp offset-l-1 col-l-11 offset-xl-2 col-xl-10 offset-hg-3 col-hg-9\"><h4>No-Show Athletic Socks 6 Pairs</h4><h5>Quick-drying socks for your daily workout.</h5><p>Leave the sweat behind you. These training socks are cushioned at the heel and toe to keep you comfortable while you pound the pavement. They have a stretchy, moisture-wicking construction that hugs the foot at the arch.</p></div>','<div class=\"bullet_list___1JjG2 offset-l-1 col-l-22 offset-xl-2 col-xl-20 offset-hg-3 col-hg-18\"><div class=\"bullet_list_wrapper___2O_YU\"><ul class=\"bullet_list___1JjG2 gl-list bullet_list--half-width___35Abt\"><li class=\"gl-vspace\">Six pairs per pack</li><li class=\"gl-vspace\">97% polyester / 3% elastane</li><li class=\"gl-vspace\">Sweat-wicking Climalite fabric</li><li class=\"gl-vspace\">Cushioned heel and toe for comfort</li></ul><ul class=\"bullet_list___1JjG2 gl-list bullet_list--half-width___35Abt\"><li class=\"gl-vspace\">Arch compression for a secure fit</li><li class=\"gl-vspace\">Imported</li><li class=\"gl-vspace\">Product color: Medium Grey Heather</li><li class=\"gl-vspace\">Product code: BH9578</li></ul></div></div>',''),('BH6436','CUSHIONED CREW SOCKS 3 PAIRS','$20','https://assets.adidas.com/images/w_600,f_auto,q_auto:sensitive,fl_lossy/1b0b2a9e15e94e30bf44a89e0166c027_9366/Cushioned_Crew_Socks_3_Pairs_Black_BH6436_03_standard.jpg','','<div class=\"wrapper___1HYKp offset-l-1 col-l-11 offset-xl-2 col-xl-10 offset-hg-3 col-hg-9\"><h4>Cushioned Crew Socks 3 Pairs</h4><h5>Soft and comfortable quarter-length crew socks.</h5><p>Upgrade your everyday sock. These cushioned quarter-length socks come three to a pack. They cushion heel and toe, while providing arch compression for a snug fit.</p></div>','<div class=\"bullet_list___1JjG2 offset-l-1 col-l-22 offset-xl-2 col-xl-20 offset-hg-3 col-hg-18\"><div class=\"bullet_list_wrapper___2O_YU\"><ul class=\"bullet_list___1JjG2 gl-list bullet_list--half-width___35Abt\"><li class=\"gl-vspace\">Three pairs per pack</li><li class=\"gl-vspace\">Quarter length</li><li class=\"gl-vspace\">Cushioned heel and toe</li><li class=\"gl-vspace\">Embroidered Trefoil logo at ankle; 3-Stripes around midfoot</li></ul><ul class=\"bullet_list___1JjG2 gl-list bullet_list--half-width___35Abt\"><li class=\"gl-vspace\">Natural latex rubber / cotton / polyester / elastane</li><li class=\"gl-vspace\">Imported</li><li class=\"gl-vspace\">Product color: Black</li><li class=\"gl-vspace\">Product code: BH6436</li></ul></div></div>',''),('BH6435','CUSHIONED CREW SOCKS 3 PAIRS','$20','https://assets.adidas.com/images/w_600,f_auto,q_auto:sensitive,fl_lossy/733764f1b2ac485c8029a88a003513c3_9366/Cushioned_Crew_Socks_3_Pairs_Multicolor_BH6435_03_standard.jpg','','<div class=\"wrapper___1HYKp offset-l-1 col-l-11 offset-xl-2 col-xl-10 offset-hg-3 col-hg-9\"><h4>Cushioned Crew Socks 3 Pairs</h4><h5>Soft and comfortable quarter-length crew socks.</h5><p>Upgrade your everyday sock. These cushioned quarter-length socks come three to a pack. They cushion heel and toe, while providing arch compression for a snug fit.</p></div>','<div class=\"bullet_list___1JjG2 offset-l-1 col-l-22 offset-xl-2 col-xl-20 offset-hg-3 col-hg-18\"><div class=\"bullet_list_wrapper___2O_YU\"><ul class=\"bullet_list___1JjG2 gl-list bullet_list--half-width___35Abt\"><li class=\"gl-vspace\">Three pairs per pack</li><li class=\"gl-vspace\">Quarter length</li><li class=\"gl-vspace\">Cushioned heel and toe</li><li class=\"gl-vspace\">Embroidered Trefoil logo at ankle; 3-Stripes around midfoot</li></ul><ul class=\"bullet_list___1JjG2 gl-list bullet_list--half-width___35Abt\"><li class=\"gl-vspace\">Natural latex rubber / cotton / polyester / elastane</li><li class=\"gl-vspace\">Imported</li><li class=\"gl-vspace\">Product color: Multicolor</li><li class=\"gl-vspace\">Product code: BH6435</li></ul></div></div>',''),('EC3691','RUN-IT SHORTS','$30','https://assets.adidas.com/images/w_600,f_auto,q_auto:sensitive,fl_lossy/6c9a6726492248a08589a99d014273dd_9366/Run_It_Shorts_Black_EC3691_21_model.jpg','','<div class=\"wrapper___1HYKp offset-l-1 col-l-11 offset-xl-2 col-xl-10 offset-hg-3 col-hg-9\"><h4>Run-It Shorts</h4><h5>Sweat-wicking shorts for distraction-free running.</h5><p>For an early morning jog or an afternoon speed session. These running shorts are designed to help you focus on your training. Moisture-wicking fabric helps sweep sweat away from your body. Mesh inner briefs provide extra coverage, and a drawcord elastic waist offers a secure fit. A key pocket at the waist provides a spot for small essentials.</p></div><div class=\"product_media___240a0 offset-l-1 col-l-10 col-xl-9 col-hg-8\"><img src=\"https://assets.adidas.com/images/w_600,f_auto,q_auto/c9664596c1734cf9bf60a99d0142c2f6_9366/Run_It_Shorts_Black_EC3691.jpg\" class=\"description_img___3nrC6\" alt=\"Run-It Shorts\"></div>','<div class=\"bullet_list___1JjG2 offset-l-1 col-l-22 offset-xl-2 col-xl-20 offset-hg-3 col-hg-18\"><div class=\"bullet_list_wrapper___2O_YU\"><ul class=\"bullet_list___1JjG2 gl-list bullet_list--half-width___35Abt\"><li class=\"gl-vspace\">Regular fit is close to the body, offering a semi-fitted feel that follows the shape of the body</li><li class=\"gl-vspace\">Mesh inner briefs</li><li class=\"gl-vspace\">Main: 56% recycled polyester / 44% polyester plain weave; Inner briefs: 100% polyester mesh</li><li class=\"gl-vspace\">These shorts are made with recycled polyester to save resources and decrease emissions</li><li class=\"gl-vspace\">Sweat-wicking Climalite fabric; Key pocket in waist; Front pockets; Drawcord on elastic waist</li></ul><ul class=\"bullet_list___1JjG2 gl-list bullet_list--half-width___35Abt\"><li class=\"gl-vspace\">Reflective details</li><li class=\"gl-vspace\">Imported</li><li class=\"gl-vspace\">Product color: Black</li><li class=\"gl-vspace\">Product code: EC3691</li></ul></div></div>',''),('CJ0445','SUPERLITE HAT','$24','https://assets.adidas.com/images/w_600,f_auto,q_auto:sensitive,fl_lossy/7aac39a2a0eb4cb4915ba887014c43b8_9366/Superlite_Hat_Black_CJ0445_01_standard.jpg','','<div class=\"wrapper___1HYKp offset-l-1 col-l-11 offset-xl-2 col-xl-10 offset-hg-3 col-hg-9\"><h4>Superlite Hat</h4><h5>A hat that keeps you dry during hot-weather workouts.</h5><p>This men\'s training hat shades eyes, wicks sweat and offers UV protection for hot and sunny days spent outside the gym. It\'s made of featherweight Climalite, and features an under-visor that cuts down glare.</p></div><div class=\"product_media___240a0 offset-l-1 col-l-10 col-xl-9 col-hg-8\"><img src=\"https://assets.adidas.com/images/w_600,f_auto,q_auto/21a830824de04b329786a887014ca223_9366/Superlite_Hat_Black_CJ0445.jpg\" class=\"description_img___3nrC6\" alt=\"Superlite Hat\"></div>','<div class=\"bullet_list___1JjG2 offset-l-1 col-l-22 offset-xl-2 col-xl-20 offset-hg-3 col-hg-18\"><div class=\"bullet_list_wrapper___2O_YU\"><ul class=\"bullet_list___1JjG2 gl-list bullet_list--half-width___35Abt\"><li class=\"gl-vspace\">Climalite wicks sweat to keep you dry in every condition</li><li class=\"gl-vspace\">Medium pre-curved brim</li><li class=\"gl-vspace\">Adjustable strap back with hook-and-loop closure</li><li class=\"gl-vspace\">Non-glare lining under visor for improved vision</li><li class=\"gl-vspace\">UPF 50+ UV protection</li></ul><ul class=\"bullet_list___1JjG2 gl-list bullet_list--half-width___35Abt\"><li class=\"gl-vspace\">87% polyester / 13% spandex</li><li class=\"gl-vspace\">Imported</li><li class=\"gl-vspace\">Product color: Black</li><li class=\"gl-vspace\">Product code: CJ0445</li></ul></div></div>',''),('BH6437','CUSHIONED CREW SOCKS 3 PAIRS','$20','https://assets.adidas.com/images/w_600,f_auto,q_auto:sensitive,fl_lossy/5c23ebd41b8040f18dffa88a003573d0_9366/Cushioned_Crew_Socks_3_Pairs_Black_BH6437_03_standard.jpg','','<div class=\"wrapper___1HYKp offset-l-1 col-l-11 offset-xl-2 col-xl-10 offset-hg-3 col-hg-9\"><h4>Cushioned Crew Socks 3 Pairs</h4><h5>Soft and comfortable quarter-length crew socks.</h5><p>Upgrade your everyday sock. These cushioned quarter-length socks come three to a pack. They cushion heel and toe, while providing arch compression for a snug fit.</p></div>','<div class=\"bullet_list___1JjG2 offset-l-1 col-l-22 offset-xl-2 col-xl-20 offset-hg-3 col-hg-18\"><div class=\"bullet_list_wrapper___2O_YU\"><ul class=\"bullet_list___1JjG2 gl-list bullet_list--half-width___35Abt\"><li class=\"gl-vspace\">Three pairs per pack</li><li class=\"gl-vspace\">Quarter length</li><li class=\"gl-vspace\">Cushioned heel and toe</li><li class=\"gl-vspace\">Embroidered Trefoil logo at ankle; 3-Stripes around midfoot</li></ul><ul class=\"bullet_list___1JjG2 gl-list bullet_list--half-width___35Abt\"><li class=\"gl-vspace\">Natural latex rubber / cotton / polyester / elastane</li><li class=\"gl-vspace\">Imported</li><li class=\"gl-vspace\">Product color: Black</li><li class=\"gl-vspace\">Product code: BH6437</li></ul></div></div>',''),('ED9609','BADGE OF SPORT TEE','$25','https://assets.adidas.com/images/w_600,f_auto,q_auto:sensitive,fl_lossy/d6d901dcb5884c1baaeeaa0801510963_9366/Badge_of_Sport_Tee_Blue_ED9609_21_model.jpg','','<div class=\"wrapper___1HYKp offset-l-1 col-l-11 offset-xl-2 col-xl-10 offset-hg-3 col-hg-9\"><h4>Badge of Sport Tee</h4><h5>A casual tee for everyday comfort.</h5><p>For days on the move or nights on the town, this t-shirt lets everyone know whose team you play for. It\'s made of soft cotton jersey for all-day comfort. A bold contrast adidas Badge of Sport stands out on the chest.</p></div><div class=\"product_media___240a0 offset-l-1 col-l-10 col-xl-9 col-hg-8\"><img src=\"https://assets.adidas.com/images/w_600,f_auto,q_auto/4f18a3d2306a4611b1e1aa08014efb1e_9366/Badge_of_Sport_Tee_Blue_ED9609.jpg\" class=\"description_img___3nrC6\" alt=\"Badge of Sport Tee\"></div>','<div class=\"bullet_list___1JjG2 offset-l-1 col-l-22 offset-xl-2 col-xl-20 offset-hg-3 col-hg-18\"><div class=\"bullet_list_wrapper___2O_YU\"><ul class=\"bullet_list___1JjG2 gl-list bullet_list--half-width___35Abt\"><li class=\"gl-vspace\">Regular fit strikes a comfortable balance between loose and snug</li><li class=\"gl-vspace\">Ribbed crewneck</li><li class=\"gl-vspace\">Short sleeves</li><li class=\"gl-vspace\">100% cotton single jersey</li><li class=\"gl-vspace\">We partner with the Better Cotton Initiative to improve cotton farming globally</li></ul><ul class=\"bullet_list___1JjG2 gl-list bullet_list--half-width___35Abt\"><li class=\"gl-vspace\">Soft feel</li><li class=\"gl-vspace\">Imported</li><li class=\"gl-vspace\">Product color: Legend Ink</li><li class=\"gl-vspace\">Product code: ED9609</li></ul></div></div>',''),('G28714','ADILETTE AQUA SLIDES','$23','https://assets.adidas.com/images/w_600,f_auto,q_auto:sensitive,fl_lossy/955a42cac6fc4aa4b0d4aa0a018289cd_9366/Adilette_Aqua_Slides_Pink_G28714_01_standard.jpg','','<div class=\"wrapper___1HYKp offset-l-1 col-l-11 offset-xl-2 col-xl-10 offset-hg-3 col-hg-9\"><h4>Adilette Aqua Slides</h4><h5>Quick-drying slides with 3-Stripes style.</h5><p>An iconic style for slick surfaces. These quick-drying slides flash 3-Stripes across the bandage-style upper. Plush cushioning in the footbed provides the ultimate in comfort in and out of the shower.</p></div><div class=\"product_media___240a0 offset-l-1 col-l-10 col-xl-9 col-hg-8\"><img src=\"https://assets.adidas.com/images/w_600,f_auto,q_auto/6246e3c9cd904dc1b4f8aa0a01824d48_9366/Adilette_Aqua_Slides_Pink_G28714.jpg\" class=\"description_img___3nrC6\" alt=\"Adilette Aqua Slides\"></div>','<div class=\"bullet_list___1JjG2 offset-l-1 col-l-22 offset-xl-2 col-xl-20 offset-hg-3 col-hg-18\"><div class=\"bullet_list_wrapper___2O_YU\"><ul class=\"bullet_list___1JjG2 gl-list bullet_list--half-width___35Abt\"><li class=\"gl-vspace\">Regular fit</li><li class=\"gl-vspace\">Slip-on construction</li><li class=\"gl-vspace\">Single-bandage synthetic upper</li><li class=\"gl-vspace\">Synthetic outsole; Synthetic lining</li><li class=\"gl-vspace\">Soft Cloudfoam footbed</li></ul><ul class=\"bullet_list___1JjG2 gl-list bullet_list--half-width___35Abt\"><li class=\"gl-vspace\">Quick-drying materials</li><li class=\"gl-vspace\">Imported</li><li class=\"gl-vspace\">Product color: Dust Pink / Cloud White / Dust Pink</li><li class=\"gl-vspace\">Product code: G28714</li></ul></div></div>',''),('G28723','ADILETTE AQUA SLIDES','$23','https://assets.adidas.com/images/w_600,f_auto,q_auto:sensitive,fl_lossy/c3ee01b50a39446d94afa9d001844737_9366/Adilette_Aqua_Slides_Black_G28723_01_standard.jpg','','<div class=\"wrapper___1HYKp offset-l-1 col-l-11 offset-xl-2 col-xl-10 offset-hg-3 col-hg-9\"><h4>Adilette Aqua Slides</h4><h5>Quick-drying slides with 3-Stripes style.</h5><p>An iconic style for slick surfaces. These quick-drying slides flash 3-Stripes across the bandage-style upper. Plush cushioning in the footbed provides the ultimate in comfort in and out of the shower.</p></div><div class=\"product_media___240a0 offset-l-1 col-l-10 col-xl-9 col-hg-8\"><img src=\"https://assets.adidas.com/images/w_600,f_auto,q_auto/731835b7b8014011b9b1a9d0017aadb5_9366/Adilette_Aqua_Slides_Black_G28723.jpg\" class=\"description_img___3nrC6\" alt=\"Adilette Aqua Slides\"></div>','<div class=\"bullet_list___1JjG2 offset-l-1 col-l-22 offset-xl-2 col-xl-20 offset-hg-3 col-hg-18\"><div class=\"bullet_list_wrapper___2O_YU\"><ul class=\"bullet_list___1JjG2 gl-list bullet_list--half-width___35Abt\"><li class=\"gl-vspace\">Regular fit</li><li class=\"gl-vspace\">Slip-on construction</li><li class=\"gl-vspace\">Single-bandage synthetic upper</li><li class=\"gl-vspace\">Synthetic outsole; Synthetic lining</li><li class=\"gl-vspace\">Soft Cloudfoam footbed</li></ul><ul class=\"bullet_list___1JjG2 gl-list bullet_list--half-width___35Abt\"><li class=\"gl-vspace\">Quick-drying materials</li><li class=\"gl-vspace\">Imported</li><li class=\"gl-vspace\">Product color: Core Black / Cloud White / Core Black</li><li class=\"gl-vspace\">Product code: G28723</li></ul></div></div>',''),('B42200','NMD_R1 SHOES','$130','https://assets.adidas.com/images/w_600,f_auto,q_auto:sensitive,fl_lossy/459ff194c35e45ea91b1a8ba00fc4876_9366/NMD_R1_Shoes_Black_B42200_01_standard.jpg','<div class=\"row first_row___UGuiD\"><div class=\"col-l-7 col-xl-7 col-hg-7 no-gutters item_content___3gYcw\"><div class=\"item_content_text gl-vspace\"><h5 class=\"gl-vspace-bpall-small\">Step to it</h5><div class=\"tab_copy gl-vspace\"><p>A responsive Boost midsole cushions your foot and keeps the energy coming when you need it most.</p></div></div></div><div class=\"col-l-7 col-xl-7 col-hg-7 no-gutters item_content___3gYcw\"><div class=\"item_content_text gl-vspace\"><h5 class=\"gl-vspace-bpall-small\">Ditch the socks</h5><div class=\"tab_copy gl-vspace\"><p>The stretchy mesh upper hugs your foot like a glove and feels as comfy as a pair of socks.</p></div></div></div><div class=\"col-l-7 col-xl-7 col-hg-7 no-gutters item_content___3gYcw\"><div class=\"item_content_text gl-vspace\"><h5 class=\"gl-vspace-bpall-small\">Flash back on details</h5><div class=\"tab_copy gl-vspace\"><p>A signature heel pull and midsole plugs amp up the \'80s vibe.</p></div></div></div></div>','<div class=\"wrapper___1HYKp offset-l-1 col-l-11 offset-xl-2 col-xl-10 offset-hg-3 col-hg-9\"><h4>NMD_R1 Shoes</h4><h5>A modern NMD trainer with a snug knit upper.</h5><p>Run with it. These adidas NMD_R1 Shoes are a little technical and a lot street smart. Their midsole plugs flash back to the \'80s, but the knit upper, full-length cushioned midsole and EVA inserts are 100 percent fashion forward.</p></div><div class=\"product_media___240a0 offset-l-1 col-l-10 col-xl-9 col-hg-8\"><img src=\"https://assets.adidas.com/images/w_600,f_auto,q_auto/ac4cad415c6a4e58bb0ba8ba00fc776e_9366/NMD_R1_Shoes_Black_B42200.jpg\" class=\"description_img___3nrC6\" alt=\"NMD_R1 Shoes\"></div>','<div class=\"bullet_list___1JjG2 offset-l-1 col-l-22 offset-xl-2 col-xl-20 offset-hg-3 col-hg-18\"><div class=\"bullet_list_wrapper___2O_YU\"><ul class=\"bullet_list___1JjG2 gl-list bullet_list--half-width___35Abt\"><li class=\"gl-vspace\">Regular fit</li><li class=\"gl-vspace\">Lace closure</li><li class=\"gl-vspace\">Knit upper</li><li class=\"gl-vspace\">Stretchy, foot-hugging feel</li><li class=\"gl-vspace\">Iconic street shoes</li></ul><ul class=\"bullet_list___1JjG2 gl-list bullet_list--half-width___35Abt\"><li class=\"gl-vspace\">Molded EVA midsole plugs</li><li class=\"gl-vspace\">Rubber outsole</li><li class=\"gl-vspace\">Imported</li><li class=\"gl-vspace\">Product color: Black / Black / Gum</li><li class=\"gl-vspace\">Product code: B42200</li></ul></div></div>','<section class=\"row main___11qKY color-theme-black___3q1S9 text-justify-center\"><div class=\"content___ajFWk col-m-8 col-l-14 offset-m-2 offset-l-5 fadeIn___htMRM fadeInActive___3RH7W\"><div class=\"summary___1BV7e withhtml___2vPJM gl-fetched-content\">Shop all NMD models and colors</div><div class=\"ctas___2Ee38 fadeIn___htMRM\"><div class=\"content_item\"><div class=\"cta___kv0Tv\"><a href=\"/us/nmd\" class=\"gl-cta gl-cta--tertiary\" title=\"SHOP NOW\" manual_cm_sp=\"SLOT-3-_-?_?_?_?_PRODUCTSTORYTAB-NMD-_-CTA-SHOP-NOW-_-418194\"><span class=\"gl-cta__text\">SHOP NOW</span></a></div></div></div></div></section>');
/*!40000 ALTER TABLE `products` ENABLE KEYS */;
UNLOCK TABLES;

--
-- Table structure for table `relatedProducts`
--

DROP TABLE IF EXISTS `relatedProducts`;
/*!40101 SET @saved_cs_client     = @@character_set_client */;
/*!40101 SET character_set_client = utf8 */;
CREATE TABLE `relatedProducts` (
  `fromProductId` varchar(20) NOT NULL,
  `toProductId` varchar(20) NOT NULL,
  `relationType` varchar(20) DEFAULT NULL
) ENGINE=InnoDB DEFAULT CHARSET=utf8;
/*!40101 SET character_set_client = @saved_cs_client */;

--
-- Dumping data for table `relatedProducts`
--

LOCK TABLES `relatedProducts` WRITE;
/*!40000 ALTER TABLE `relatedProducts` DISABLE KEYS */;
INSERT INTO `relatedProducts` VALUES ('EG4958','M20324','ymal'),('EG4958','FW4904','ymal'),('EG4958','FW4898','ymal'),('EG4958','F36423','ymal'),('EG4958','FP7541','ymal'),('EG4958','B42212','ymal'),('EG4958','AQ1705','ymal'),('EG4958','BH9578','ymal'),('EG4958','BH6436','ymal'),('EG4958','CK1015','ymal'),('EG4958','EG2042','ymal'),('EG4958','BH6435','ymal'),('EG4958','EC3691','ymal'),('EG4958','CJ0445','ymal'),('EG4958','BH6437','ymal'),('EG4958','ED9609','ymal'),('EG4958','G28714','ymal'),('EG4958','G28723','ymal'),('EG4958','B42200','ymal'),('EG4958','AP9966','ymal'),('EG4958','AQ1702','ymal'),('EG4958','AQ1703','ymal'),('EG4958','D96635','ymal'),('EG4958','EG0714','ymal'),('EG4958','EE5884','ymal'),('EG4958','ED9605','ymal'),('EG4958','FV3284','ymal'),('EG4958','B37719','ymal'),('EG4958','DB0284','ymal'),('EG4958','F36241','ymal'),('EG4958','BY9880','ymal'),('EG4958','FU7714','ymal'),('CW1275','FW4904','ymal'),('CW1275','M20324','ymal'),('CW1275','FW4898','ymal'),('CW1275','F36423','ymal'),('CW1275','FP7541','ymal'),('CW1275','B42212','ymal'),('CW1275','AQ1705','ymal'),('CW1275','BH9578','ymal'),('CW1275','BH6436','ymal'),('CW1275','CK1015','ymal'),('CW1275','EG2042','ymal'),('CW1275','BH6435','ymal'),('CW1275','EC3691','ymal'),('CW1275','CJ0445','ymal'),('CW1275','BH6437','ymal'),('CW1275','ED9609','ymal'),('CW1275','G28714','ymal'),('CW1275','G28723','ymal'),('CW1275','B42200','ymal'),('CW1275','AP9966','ymal'),('CW1275','AQ1702','ymal'),('CW1275','AQ1703','ymal'),('CW1275','D96635','ymal'),('CW1275','EG0714','ymal'),('CW1275','EE5884','ymal'),('CW1275','ED9605','ymal'),('CW1275','FV3284','ymal'),('CW1275','B37719','ymal'),('CW1275','DB0284','ymal'),('CW1275','F36241','ymal'),('CW1275','BY9880','ymal'),('CW1275','FU7714','ymal'),('DT7964','FW4904','ymal'),('DT7964','M20324','ymal'),('DT7964','FW4898','ymal'),('DT7964','F36423','ymal'),('DT7964','FP7541','ymal'),('DT7964','B42212','ymal'),('DT7964','AQ1705','ymal'),('DT7964','BH9578','ymal'),('DT7964','BH6436','ymal'),('DT7964','CK1015','ymal'),('DT7964','EG2042','ymal'),('DT7964','BH6435','ymal'),('DT7964','EC3691','ymal'),('DT7964','CJ0445','ymal'),('DT7964','BH6437','ymal'),('DT7964','ED9609','ymal'),('DT7964','G28714','ymal'),('DT7964','G28723','ymal'),('DT7964','B42200','ymal'),('DT7964','AP9966','ymal'),('DT7964','AQ1702','ymal'),('DT7964','AQ1703','ymal'),('DT7964','D96635','ymal'),('DT7964','EG0714','ymal'),('DT7964','EE5884','ymal'),('DT7964','ED9605','ymal'),('DT7964','FV3284','ymal'),('DT7964','B37719','ymal'),('DT7964','DB0284','ymal'),('DT7964','F36241','ymal'),('DT7964','BY9880','ymal'),('DT7964','FU7714','ymal'),('CW0709','FM3791','ymal'),('CW0709','ED9609','ymal'),('CW0709','ED9610','ymal'),('CW0709','FW4904','ymal'),('CW0709','M20324','ymal'),('CW0709','FW4898','ymal'),('CW0709','F36423','ymal'),('CW0709','FP7541','ymal'),('CW0709','B42212','ymal'),('CW0709','AQ1705','ymal'),('CW0709','BH9578','ymal'),('CW0709','BH6436','ymal'),('CW0709','CK1015','ymal'),('CW0709','EG2042','ymal'),('CW0709','BH6435','ymal'),('CW0709','EC3691','ymal'),('M20324','F36423','ymal'),('M20324','FW4904','ymal'),('M20324','M20324','ymal'),('M20324','FW4898','ymal'),('M20324','FP7541','ymal'),('M20324','B42212','ymal'),('M20324','AQ1705','ymal'),('M20324','BH9578','ymal'),('M20324','BH6436','ymal'),('M20324','CK1015','ymal'),('M20324','EG2042','ymal'),('M20324','BH6435','ymal'),('M20324','EC3691','ymal'),('M20324','CJ0445','ymal'),('M20324','BH6437','ymal'),('M20324','ED9609','ymal'),('M20324','G28714','ymal'),('M20324','G28723','ymal'),('M20324','B42200','ymal'),('M20324','AP9966','ymal'),('M20324','AQ1702','ymal'),('M20324','AQ1703','ymal'),('M20324','D96635','ymal'),('M20324','EG0714','ymal'),('M20324','EE5884','ymal'),('M20324','ED9605','ymal'),('M20324','FV3284','ymal'),('M20324','B37719','ymal'),('M20324','DB0284','ymal'),('M20324','F36241','ymal'),('M20324','BY9880','ymal'),('M20324','FU7714','ymal'),('FW4904','FW4898','ymal'),('FW4904','FW4904','ymal'),('FW4904','M20324','ymal'),('FW4904','F36423','ymal'),('FW4904','FP7541','ymal'),('FW4904','B42212','ymal'),('FW4904','AQ1705','ymal'),('FW4904','BH9578','ymal'),('FW4904','BH6436','ymal'),('FW4904','CK1015','ymal'),('FW4904','EG2042','ymal'),('FW4904','BH6435','ymal'),('FW4904','EC3691','ymal'),('FW4904','CJ0445','ymal'),('FW4904','BH6437','ymal'),('FW4904','ED9609','ymal'),('FW4898','FW4904','ymal'),('FW4898','M20324','ymal'),('FW4898','FW4898','ymal'),('FW4898','F36423','ymal'),('FW4898','FP7541','ymal'),('FW4898','B42212','ymal'),('FW4898','AQ1705','ymal'),('FW4898','BH9578','ymal'),('FW4898','BH6436','ymal'),('FW4898','CK1015','ymal'),('FW4898','EG2042','ymal'),('FW4898','BH6435','ymal'),('FW4898','EC3691','ymal'),('FW4898','CJ0445','ymal'),('FW4898','BH6437','ymal'),('FW4898','ED9609','ymal'),('FW4898','G28714','ymal'),('FW4898','G28723','ymal'),('FW4898','B42200','ymal'),('FW4898','AP9966','ymal'),('FW4898','AQ1702','ymal'),('FW4898','AQ1703','ymal'),('FW4898','D96635','ymal'),('FW4898','EG0714','ymal'),('FW4898','EE5884','ymal'),('FW4898','ED9605','ymal'),('FW4898','FV3284','ymal'),('FW4898','B37719','ymal'),('FW4898','DB0284','ymal'),('FW4898','F36241','ymal'),('FW4898','BY9880','ymal'),('FW4898','FU7714','ymal'),('F36423','M20324','ymal'),('F36423','F36424','ymal'),('F36423','FW4904','ymal'),('F36423','FW4898','ymal'),('F36423','F36423','ymal'),('F36423','FP7541','ymal'),('F36423','B42212','ymal'),('F36423','AQ1705','ymal'),('F36423','BH9578','ymal'),('F36423','BH6436','ymal'),('F36423','CK1015','ymal'),('F36423','EG2042','ymal'),('F36423','BH6435','ymal'),('F36423','EC3691','ymal'),('F36423','CJ0445','ymal'),('F36423','BH6437','ymal'),('F36423','G28714','ymal'),('F36423','G28723','ymal'),('F36423','B42200','ymal'),('F36423','AP9966','ymal'),('F36423','AQ1702','ymal'),('F36423','AQ1703','ymal'),('F36423','D96635','ymal'),('F36423','EG0714','ymal'),('F36423','EE5884','ymal'),('F36423','ED9605','ymal'),('F36423','FV3284','ymal'),('F36423','B37719','ymal'),('F36423','DB0284','ymal'),('F36423','F36241','ymal'),('F36423','BY9880','ymal'),('F36423','FU7714','ymal'),('FP7541','EC3691','ymal'),('FP7541','FK1939','ymal'),('FP7541','BH9578','ymal'),('FP7541','FM9942','ymal'),('FP7541','FW4904','ymal'),('FP7541','M20324','ymal'),('FP7541','FW4898','ymal'),('FP7541','F36423','ymal'),('FP7541','FP7541','ymal'),('FP7541','B42212','ymal'),('FP7541','AQ1705','ymal'),('FP7541','BH6436','ymal'),('FP7541','CK1015','ymal'),('FP7541','EG2042','ymal'),('FP7541','BH6435','ymal'),('FP7541','CJ0445','ymal'),('AQ1705','B42212','ymal'),('AQ1705','EE7042','ymal'),('AQ1705','FW4904','ymal'),('AQ1705','M20324','ymal'),('AQ1705','FW4898','ymal'),('AQ1705','F36423','ymal'),('AQ1705','FP7541','ymal'),('AQ1705','AQ1705','ymal'),('AQ1705','BH9578','ymal'),('AQ1705','BH6436','ymal'),('AQ1705','CK1015','ymal'),('AQ1705','EG2042','ymal'),('AQ1705','BH6435','ymal'),('AQ1705','EC3691','ymal'),('AQ1705','CJ0445','ymal'),('AQ1705','BH6437','ymal'),('AQ1705','EG1851','ymal'),('AQ1705','FM3791','ymal'),('BH9578','BH6435','ymal'),('BH9578','CK1015','ymal'),('BH9578','CK8100','ymal'),('BH9578','FP7541','ymal'),('BH9578','BH6436','ymal'),('BH9578','FW4904','ymal'),('BH9578','M20324','ymal'),('BH9578','FW4898','ymal'),('BH9578','F36423','ymal'),('BH9578','B42212','ymal'),('BH9578','AQ1705','ymal'),('BH9578','BH9578','ymal'),('BH9578','EG2042','ymal'),('BH9578','EC3691','ymal'),('BH9578','CJ0445','ymal'),('BH9578','BH6437','ymal'),('BH6436','BH6437','ymal'),('BH6436','BH6435','ymal'),('BH6436','CM3952','ymal'),('BH6436','BH9578','ymal'),('BH6436','CK1015','ymal'),('BH6436','FP7541','ymal'),('BH6436','FW4904','ymal'),('BH6436','M20324','ymal'),('BH6436','FW4898','ymal'),('BH6436','F36423','ymal'),('BH6436','B42212','ymal'),('BH6436','AQ1705','ymal'),('BH6436','BH6436','ymal'),('BH6436','EG2042','ymal'),('BH6436','EC3691','ymal'),('BH6436','CJ0445','ymal'),('BH6435','CK1015','ymal'),('BH6435','BH9578','ymal'),('BH6435','BH6436','ymal'),('BH6435','BH6437','ymal'),('BH6435','CK8100','ymal'),('BH6435','CM3952','ymal'),('BH6435','FW4904','ymal'),('BH6435','M20324','ymal'),('BH6435','FW4898','ymal'),('BH6435','F36423','ymal'),('BH6435','FP7541','ymal'),('BH6435','B42212','ymal'),('BH6435','AQ1705','ymal'),('BH6435','EG2042','ymal'),('BH6435','BH6435','ymal'),('BH6435','EC3691','ymal'),('EC3691','FP7541','ymal'),('EC3691','FK1939','ymal'),('EC3691','BH9578','ymal'),('EC3691','FW4904','ymal'),('EC3691','M20324','ymal'),('EC3691','FW4898','ymal'),('EC3691','F36423','ymal'),('EC3691','B42212','ymal'),('EC3691','AQ1705','ymal'),('EC3691','BH6436','ymal'),('EC3691','CK1015','ymal'),('EC3691','EG2042','ymal'),('EC3691','BH6435','ymal'),('EC3691','EC3691','ymal'),('EC3691','CJ0445','ymal'),('EC3691','BH6437','ymal'),('CJ0445','BH7135','ymal'),('CJ0445','CL5901','ymal'),('CJ0445','CM3895','ymal'),('CJ0445','DX0601','ymal'),('CJ0445','FW4904','ymal'),('CJ0445','M20324','ymal'),('CJ0445','FW4898','ymal'),('CJ0445','F36423','ymal'),('CJ0445','FP7541','ymal'),('CJ0445','B42212','ymal'),('CJ0445','AQ1705','ymal'),('CJ0445','BH9578','ymal'),('CJ0445','BH6436','ymal'),('CJ0445','CK1015','ymal'),('CJ0445','EG2042','ymal'),('CJ0445','BH6435','ymal'),('CJ0445','DX0599','ymal'),('CJ0445','FI3038','ymal'),('CJ0445','FL9861','ymal'),('BH6437','BH6436','ymal'),('BH6437','CM3952','ymal'),('BH6437','BH6435','ymal'),('BH6437','CK1015','ymal'),('BH6437','BH9578','ymal'),('BH6437','FP7541','ymal'),('BH6437','FW4904','ymal'),('BH6437','M20324','ymal'),('BH6437','FW4898','ymal'),('BH6437','F36423','ymal'),('BH6437','B42212','ymal'),('BH6437','AQ1705','ymal'),('BH6437','EG2042','ymal'),('BH6437','EC3691','ymal'),('BH6437','CJ0445','ymal'),('BH6437','BH6437','ymal'),('ED9609','ED9610','ymal'),('ED9609','FW4904','ymal'),('ED9609','M20324','ymal'),('ED9609','FW4898','ymal'),('ED9609','F36423','ymal'),('ED9609','FP7541','ymal'),('ED9609','B42212','ymal'),('ED9609','AQ1705','ymal'),('ED9609','BH9578','ymal'),('ED9609','BH6436','ymal'),('ED9609','CK1015','ymal'),('ED9609','EG2042','ymal'),('ED9609','BH6435','ymal'),('ED9609','EC3691','ymal'),('ED9609','CJ0445','ymal'),('ED9609','BH6437','ymal'),('ED9609','FM3791','ymal'),('ED9609','G28714','ymal'),('ED9609','G28723','ymal'),('ED9609','B42200','ymal'),('ED9609','AP9966','ymal'),('ED9609','AQ1702','ymal'),('ED9609','AQ1703','ymal'),('ED9609','D96635','ymal'),('ED9609','EG0714','ymal'),('ED9609','EE5884','ymal'),('ED9609','ED9605','ymal'),('ED9609','FV3284','ymal'),('ED9609','B37719','ymal'),('ED9609','DB0284','ymal'),('ED9609','F36241','ymal'),('ED9609','BY9880','ymal'),('G28714','EG5820','ymal'),('G28714','BB1095','ymal'),('G28714','EG0714','ymal'),('G28714','FV3284','ymal'),('G28714','B37719','ymal'),('G28714','FM3287','ymal'),('G28714','FM2574','ymal'),('G28714','FM3311','ymal'),('G28714','FW5667','ymal'),('G28714','B24105','ymal'),('G28714','CK0643','ymal'),('G28714','GL6354','ymal'),('G28714','FW5449','ymal'),('G28714','Q10369','ymal'),('G28714','FL2270','ymal'),('G28714','CD9592','ymal'),('G28714','EE6818','ymal'),('G28714','B41742','ymal'),('G28723','BB1095','ymal'),('G28723','EG5820','ymal'),('G28723','FM2574','ymal'),('G28723','EG0714','ymal'),('G28723','FV3284','ymal'),('G28723','B37719','ymal'),('G28723','FM3287','ymal'),('G28723','FM3311','ymal'),('G28723','FW5667','ymal'),('G28723','B24105','ymal'),('G28723','CK0643','ymal'),('G28723','GL6354','ymal'),('G28723','FW5449','ymal'),('G28723','Q10369','ymal'),('G28723','FL2270','ymal'),('G28723','CD9592','ymal'),('G28723','EE6818','ymal'),('G28723','B41742','ymal'),('B42200','D96635','ymal'),('B42200','FW5327','ymal'),('B42200','B42200','ymal'),('B42200','F35550','ymal'),('B42200','G27706','ymal'),('B42200','FV0322','ymal'),('B42200','F35543','ymal'),('B42200','FX7244','ymal'),('B42200','EF4334','ymal'),('B42200','BH6427','ymal'),('B42200','F35542','ymal'),('B42200','CM3824','ymal'),('B42200','FV4083','ymal'),('B42200','G27637','ymal'),('B42200','BY4027','ymal'),('B42200','FX7245','ymal'),('B42200','G28714','ymal'),('B42200','G28723','ymal'),('B42200','AP9966','ymal'),('B42200','AQ1702','ymal'),('B42200','AQ1703','ymal'),('B42200','EG0714','ymal'),('B42200','EE5884','ymal'),('B42200','ED9605','ymal'),('B42200','FW4904','ymal'),('B42200','FV3284','ymal'),('B42200','B37719','ymal'),('B42200','DB0284','ymal'),('B42200','F36241','ymal'),('B42200','BY9880','ymal'),('B42200','M20324','ymal'),('B42200','FU7714','ymal'),('D96635','B42200','ymal'),('D96635','D96635','ymal');
/*!40000 ALTER TABLE `relatedProducts` ENABLE KEYS */;
UNLOCK TABLES;
/*!40103 SET TIME_ZONE=@OLD_TIME_ZONE */;

/*!40101 SET SQL_MODE=@OLD_SQL_MODE */;
/*!40014 SET FOREIGN_KEY_CHECKS=@OLD_FOREIGN_KEY_CHECKS */;
/*!40014 SET UNIQUE_CHECKS=@OLD_UNIQUE_CHECKS */;
/*!40101 SET CHARACTER_SET_CLIENT=@OLD_CHARACTER_SET_CLIENT */;
/*!40101 SET CHARACTER_SET_RESULTS=@OLD_CHARACTER_SET_RESULTS */;
/*!40101 SET COLLATION_CONNECTION=@OLD_COLLATION_CONNECTION */;
/*!40111 SET SQL_NOTES=@OLD_SQL_NOTES */;

-- Dump completed on 2020-05-01 12:52:26
